<?xml version="1.0" encoding="UTF-8"?>
<project-private xmlns="http://www.netbeans.org/ns/project-private/1">
    <editor-bookmarks xmlns="http://www.netbeans.org/ns/editor-bookmarks/2" lastBookmarkId="0"/>
    <open-files xmlns="http://www.netbeans.org/ns/projectui-open-files/2">
        <group>
            <file>file:/C:/Users/huevo/Documents/JAVA/SSPTL_3/src/Tools/arrayContainer.java</file>
            <file>file:/C:/Users/huevo/Documents/JAVA/SSPTL_3/src/Practica_3/Practica_3.java</file>
            <file>file:/C:/Users/huevo/Documents/JAVA/SSPTL_3/src/TXT/P3ASM.txt</file>
            <file>file:/C:/Users/huevo/Documents/JAVA/SSPTL_3/src/TXT/P2ASM.txt</file>
            <file>file:/C:/Users/huevo/Documents/JAVA/SSPTL_3/src/Tools/analizadorOperando.java</file>
        </group>
    </open-files>
</project-private>
